timestamp,/foo.0,/foo.1,/foo.2,/foo.3,/foo.4,/foo.5,/foo.6,/foo.7,/foo.8,/foo.9
248,0.5,0.5,0.5,0.5,0.5,0.5,0.5,0.5,0.5,0.5
498,0.5,0.5,0.5,0.5,0.5,0.5,0.5,0.5,0.5,0.5
749,0.52502817,0.5,0.5,0.5,0.5,0.5,0.5,0.5,0.5,0.5
1000,0.9994152,0.5,0.5,0.5,0.5,0.5,0.5,0.5,0.5,0.5
1250,0.47650123,0.5,0.5,0.5,0.5,0.5,0.5,0.5,0.5,0.5
1501,0.0008161416,0.5665715,0.5,0.5,0.5,0.5,0.5,0.5,0.5,0.5
1752,0.53336006,0.9956614,0.5,0.5,0.5,0.5,0.5,0.5,0.5,0.5
2002,0.9989421,0.4346343,0.5,0.5,0.5,0.5,0.5,0.5,0.5,0.5
2253,0.46810505,0.004978614,0.59948623,0.5,0.5,0.5,0.5,0.5,0.5,0.5
2504,0.0013669902,0.57483375,0.9901717,0.5,0.5,0.5,0.5,0.5,0.5,0.5
2754,0.54168266,0.9944952,0.40145928,0.5,0.5,0.5,0.5,0.5,0.5,0.5
3005,0.99832994,0.42630693,0.010829719,0.63998914,0.5,0.5,0.5,0.5,0.5,0.5
3256,0.4597179,0.0062323003,0.6076513,0.9802415,0.5,0.5,0.5,0.5,0.5,0.5
3506,0.0020588771,0.5830751,0.9884568,0.36063477,0.5,0.5,0.5,0.5,0.5,0.5
3757,0.54999363,0.9931913,0.39322934,0.021251587,0.67170304,0.5,0.5,0.5,0.5,0.5
4008,0.997579,0.4180004,0.012639533,0.64798164,0.96988595,0.5,0.5,0.5,0.5,0.5
4258,0.45134214,0.007625649,0.6157864,0.97785157,0.3286707,0.5,0.5,0.5,0.5,0.5
4509,0.0028916073,0.5912934,0.98660576,0.35257897,0.032029502,0.7102532,0.5,0.5,0.5,0.5
4760,0.55829066,0.99175,0.3850296,0.023744754,0.67951745,0.9540031,0.5,0.5,0.5,0.5
5010,0.9966894,0.40971705,0.0145871965,0.65593296,0.9669679,0.28982225,0.5,0.5,0.5,0.5
5261,0.44298017,0.009158267,0.62388927,0.97532856,0.32079524,0.04847244,0.7400519,0.5,0.5,0.5
5512,0.0038649447,0.59948623,0.98461914,0.34456483,0.035056897,0.71779597,0.93901503,0.5,0.5,0.5
5762,0.5665715,0.9901717,0.3768624,0.026372632,0.6872818,0.95044327,0.25980008,0.5,0.5,0.5
6013,0.9956614,0.40145928,0.01667216,0.66384083,0.96391964,0.28222218,0.063930705,0.77578086,0.5,0.5
6264,0.4346343,0.010829719,0.6319576,0.9726731,0.31297043,0.05214808,0.74733955,0.9175373,0.5,0.5
6514,0.004978614,0.6076513,0.9824975,0.33659467,0.038215797,0.7252781,0.9349595,0.22381598,0.5,0.5
6765,0.57483375,0.9884568,0.36873004,0.029134475,0.694994,0.946758,0.25245914,0.086018704,0.8029931,0.5
7016,0.9944952,0.39322934,0.018893832,0.67170304,0.96074224,0.2746837,0.06810645,0.782704,0.8982543,0.5
7266,0.42630693,0.012639533,0.63998914,0.96988595,0.30519855,0.055950392,0.75455827,0.91288775,0.19642226,0.5
7517,0.0062323003,0.6157864,0.9802415,0.3286707,0.041505318,0.7326974,0.93078274,0.21684547,0.10580382,0.83509594
7768,0.5830751,0.98660576,0.36063477,0.032029502,0.7026518,0.9429482,0.2451882,0.09079276,0.8095898,0.8716655
8018,0.9931913,0.3850296,0.021251587,0.67951745,0.9574364,0.26720896,0.072404355,0.78954834,0.89315265,0.16412541
8269,0.4180004,0.0145871965,0.64798164,0.9669679,0.29748175,0.059878305,0.76170605,0.9081232,0.18978372,0.13303177
8520,0.007625649,0.62388927,0.97785157,0.32079524,0.04492452,0.7400519,0.926486,0.20995505,0.11103242,0.8412434
8770,0.5912934,0.98461914,0.35257897,0.035056897,0.7102532,0.93901503,0.23798935,0.095682554,0.81610024,0.866031
9021,0.99175,0.3768624,0.023744754,0.6872818,0.9540031,0.25980008,0.076823205,0.796312,0.88794154,0.15794386
9272,0.40971705,0.01667216,0.65593296,0.96391964,0.28982225,0.063930705,0.7687809,0.9032449,0.18323293,0.13879506
9522,0.009158267,0.6319576,0.97532856,0.31297043,0.04847244,0.74733955,0.92207044,0.20314668,0.11637104,0.8472958
9773,0.59948623,0.9824975,0.34456483,0.038215797,0.71779597,0.9349595,0.2308646,0.100686714,0.8225226,0.8602945
10024,0.9901717,0.36873004,0.026372632,0.694994,0.95044327,0.25245914,0.08136175,0.8029931,0.8826223,0.15185907
10274,0.40145928,0.018893832,0.66384083,0.96074224,0.28222218,0.06810645,0.77578086,0.8982543,0.17677173,0.14466053
10525,0.010829719,0.63998914,0.9726731,0.30519855,0.05214808,0.75455827,0.9175373,0.19642226,0.12181817,0.85325146
10776,0.6076513,0.9802415,0.33659467,0.041505318,0.7252781,0.93078274,0.22381598,0.10580382,0.82885504,0.8544576
11026,0.9884568,0.36063477,0.029134475,0.7026518,0.946758,0.2451882,0.086018704,0.8095898,0.87719643,0.14587274
